user_location,count
NULL,324
"Barcelona, Spain",231
,215
Barcelona,151
"Barcelona. Spain",123
"Barcelona, España",95
"Zaragoza, España",94
Spain,78
"Barcelona, Catalunya",53
"Maarssen, NL",52
Wroclaw,50
Madrid,41
"London, UK",34
"Montblanc, Espanya",32
"Lliçà d'Amunt",32
"The Netherlands",30
Basingstoke,27
Cloud,25
"Nieuwegein, The Netherlands",25
"Oslo, Norway",25
Berlin,24
Germany,24
"Maringá, Brasil",23
"London, England",23
"Firenze, Toscana",23
Denmark,22
London,21
"St. Louis & San Francisco",19
"Hamburg, Germany",19
"Emsdetten, Germany",18
"Barcelona, Catalonia",18
"Warsaw, Poland",18
"Raleigh, NC",18
Amsterdam,17
"Leusden, Netherlands",16
Poland,15
"Veenendaal, Nederland",15
"Madrid (Spain)",15
"Barcelona, Espanya",15
España,13
"Barcelona, Cataluña",13
Colorado,12
"Vienna, Austria",12
"Barcelona - Spain",11
"VNG | Barcelona",11
"Krakow, Poland",11
"Berlin, Germany",10
"Madrid, Spain",10
"Liège, Belgium",10
"Florennes, Belgium",10
Montpellier,10
"United Kingdom",10
Barcelona.,10
"Marseille, France",9
Switzerland,9
Everywhere,8
Malmö,8
"Here and there...",8
"Boston, Estonia, Prague",8
"Madrid, Comunidad de Madrid",7
"Here and there",7
"San Francisco, CA",7
"Sabadell, España",7
Andorra,7
"N 54°14' 0'' / W 3°2' 0''",7
"Vallauris, France",6
"United States",6
"Bucharest, Romania",6
"Zaragoza, Spain",6
"Codurance in Barcelona, Spain",6
"??????, ??????",6
"Brighton, England",6
"Londres, Inglaterra",6
"Tilburg, The Netherlands",6
Cardedeu,6
"Where all Devs go",5
"Almere, Netherlands",5
"Basel, Switzerland",5
"Riells i Viabrea",5
"SFO - BIO - SH",5
Terrassa,5
"The cloud",5
"Lurking in Kamurocho",5
Bilbao,5
Gramais,5
Munich,4
"Pronounced as: kt??-s??",4
Mexico,4
"Utrecht, Netherlands",4
Zaragoza,4
Murcia,4
"Mataró (Barcelona)",4
"Puerto Rico & Spain",4
"The world",4
Worldwide,3
"Crolles, France",3
Nederland,3
Sabadell,3
"Chicago, IL",3
Aachen,3
"New York",3
"L'Hospitalet de Llobregat",3
"From Málaga to Silicon Valley",3
"Not far from Camelot",3
Athens,3
Marseille,3
"San Mateo, CA",3
"Philadelphia, PA",3
Italy,3
Paris,3
"España (GZ)",3
"Madrid y Asturias",3
Polska,3
"Madrid - España",3
"Shelter Island, United States",2
Brazil,2
Castellón,2
"Rotterdam, Nederland",2
Bucharest,2
"Istanbul, Turkey",2
"St. Gallen, Switzerland",2
"Paris, France.",2
"Vila-real & Barna",2
München,2
"Hatfield, England",2
"Barcelona, Barcelona",2
"Entre Montoliu i Barcelona",2
Bangalore,2
"Sant Cugat del Vallès, Spain",2
Barcelona/London/Jerez,2
LEJ,2
"Phoenix, AZ",2
??????????????????????????,2
Aubagne,2
Ireland,2
"Paris, France",2
"Berlin, Deutschland",2
"Frank Vilhelmsen",2
"Dortmund, Germany",2
"Paris, Ile-de-France",2
"Hong Kong",2
France,2
"Bay Area & Worldwide",2
"Criciúma, Brasil",2
"Shibuya-ku, Tokyo",2
Bristol,2
Hatfield,2
"New York, USA",2
"Karnataka, India",2
"ÜT: 1.414753,103.83199",1
"Warszawa, Polska",1
"Bamberg, Germany",1
Sofia,1
Deutschland,1
"Timi?oara, România",1
"wherever all is possible",1
"Moline, IL",1
"London - UK",1
"Lombardia, Milano",1
"Monza e della Brianza",1
"London, Barcelona, Cornwall",1
Istanbul,1
"Brazil - Bahia",1
"Pisa, Toscana",1
UK,1
"Amsterdam, North Holland",1
Netherlands,1
"Sucha Beskidzka",1
"Columbus, Ohio",1
"BCN, CAT",1
"Campinas city, SP - Brazil ",1
Global,1
Galicia!,1
Delhi,1
"Beer O'Clock Organisation",1
"Salouel, France",1
/home/toledo,1
Mataro,1
Viladecans,1
"Zeist, The Netherlands",1
Badalona,1
"Faversham, Kent",1
"Madison WI",1
http://isabel-drost-fromm.de,1
"Las Vegas, NV, USA",1
Westeros,1
Annecy,1
"Nuremberg, Germany",1
"Toru?, Polska",1
INDONESIA,1
github.com/buoyantio/linkerd,1
"Lost in Minnesota",1
"São Paulo, Brazil",1
"Frankfurt on the Main, Germany",1
"I AM A ROBOT",1
"Joinville, SC, Brazil",1
"Castle Black, The Wall",1
"Sant Celoni, Barcelona",1
Australia,1
"St.Peteresburg RU and Pula HR",1
"Boston, USA",1
"Santurtzi, Basque Country",1
"Global; HQ: Aliso Viejo,CA,USA",1
"Brasov, Romania",1
"Sant Cugat del Vallès",1
"Weinheim, Germany",1
"Amersfoort, Utrecht",1
Devoxxland,1
"ÜT: 40.385422,-3.644113",1
"48.337073,14.29136",1
NJ,1
Darmstadt,1
"Arnhem, The Netherlands",1
Greece,1
"Barcelona y La Palma",1
"Massachusetts, USA",1
"Guayaquil - Ecuador",1
"Mumbai, India",1
"San Francisco Bay Area",1
Lyon,1
Cantabria,1
"Malaysia, Penang",1
"Silkeborg, Denmark",1
"Bordeaux, France",1
"Mumbai,India",1
"Tartu, Estonia",1
"Comunidad de Madrid, España",1
"Nezahualcóyotl, México",1
"Brussels, Belgium",1
"Pozna?, Poland",1
"Tres Cantos, España",1
Gothenburg,1
"Lyon, France",1
"South Carolina, USA",1
"Alcorcón, Madrid, Spain, Earth",1
"Kolkata, India",1
"Barcelona, Països Catalans",1
"In front of a computer.",1
"El Grullo, Jalisco",1
Earth,1
"Cambridge, MA",1
"Sevilla, Andalucía, España",1
"Petershagen/Eggersdorf, Brandenburg",1
Israel,1
Perú,1
"Stuttgart, Germany",1
"Berkel, Tilburg",1
"Uppsala, Sweden ",1
"Chennai, India",1
"Pamplona, España",1
"West Coast Way, Singapore",1
Campinas/Brasil,1
"Frome, England",1
"Palo Alto, CA",1
"Medellín, Colombia",1
"Alpharetta, GA",1
"Salvador, Brasil",1
"Poznan, Greater Poland",1
Santander,1
"New Jersey",1
Málaga,1
Austin,1
"Utrecht, Nederland",1
"Copenhagen, Denmark",1
"New Delhi, India",1
Jerez,1
Portugal,1
"Tournai, Belgium",1
"Como, Lombardia, Italy",1
"Graiguenamanagh,IE",1
"Madrid - Spain",1
"Duisburg, Germany",1
"Sao Paulo, BR",1
Basel,1
"Boston, MA",1
"Seattle | Cádiz | London",1
"Schwetzingerstadt/Oststadt, Mannheim",1
Dortmund,1
"memphis ? seattle",1
India,1
"Barcelona S.A.",1
"remote worker",1
"Montreal, Canada",1
online,1
"Nantes, France",1
Luxembourg,1
SQY,1
"The Internet",1
"19.486886, -99.051955",1
Santiago,1
"iPhone: 39.996017,-76.640991",1
"New York, NY",1
Lisbon,1
"?stanbul / Turkey",1
colombia,1
Lahore,1
"Brasília - DF",1
"Quito - Latin America",1
Veenendaal,1
"São Paulo - Brasil",1
"Cape Town, South Africa",1
"New Delhi",1
"Paderborn, Germany",1
"London or L'Arboç",1
"50.823544,-0.138437",1
127.0.0.1,1
D.F,1
Toulouse,1
catalunya,1
"Manaus, Brasil",1
"Malaga, Andalusia",1
Dublin,1
Billund,1
"HRBP @WorldlineES  @Atos",1
"Barcelona, London, Bologna",1
"Brest, Bretagne",1
??,1
"Crystal Lake, IL",1
Monpellier/France,1
"Sevilla, Andalucía",1
"Cluj-Napoca, România",1
"?eská republika",1
